epoch,loss,val_loss,rmse,val_rmse
0,0.2101033612908352,0.03778533365045275,12.640027727399554,9.330095836094447
